{
  "hash": "cdc1f1fe",
  "configHash": "8b8d57cd",
  "lockfileHash": "292a21d7",
  "browserHash": "600c39e4",
  "optimized": {
    "@angular/common": {
      "src": "../../../../../node_modules/@angular/common/fesm2022/common.mjs",
      "file": "@angular_common.js",
      "fileHash": "ae65d49c",
      "needsInterop": false
    },
    "@angular/common/http": {
      "src": "../../../../../node_modules/@angular/common/fesm2022/http.mjs",
      "file": "@angular_common_http.js",
      "fileHash": "d9f5b30d",
      "needsInterop": false
    },
    "@angular/core": {
      "src": "../../../../../node_modules/@angular/core/fesm2022/core.mjs",
      "file": "@angular_core.js",
      "fileHash": "ddfb1244",
      "needsInterop": false
    },
    "@angular/forms": {
      "src": "../../../../../node_modules/@angular/forms/fesm2022/forms.mjs",
      "file": "@angular_forms.js",
      "fileHash": "881d083e",
      "needsInterop": false
    },
    "@angular/platform-browser": {
      "src": "../../../../../node_modules/@angular/platform-browser/fesm2022/platform-browser.mjs",
      "file": "@angular_platform-browser.js",
      "fileHash": "0266f33c",
      "needsInterop": false
    },
    "@angular/router": {
      "src": "../../../../../node_modules/@angular/router/fesm2022/router.mjs",
      "file": "@angular_router.js",
      "fileHash": "68ebc905",
      "needsInterop": false
    },
    "rxjs": {
      "src": "../../../../../node_modules/rxjs/dist/esm5/index.js",
      "file": "rxjs.js",
      "fileHash": "f72d4843",
      "needsInterop": false
    },
    "swiper": {
      "src": "../../../../../node_modules/swiper/swiper.mjs",
      "file": "swiper.js",
      "fileHash": "3fd93ce9",
      "needsInterop": false
    }
  },
  "chunks": {
    "chunk-LHNACXYZ": {
      "file": "chunk-LHNACXYZ.js"
    },
    "chunk-XPIFQORE": {
      "file": "chunk-XPIFQORE.js"
    },
    "chunk-2XTS47XM": {
      "file": "chunk-2XTS47XM.js"
    },
    "chunk-X5QX6MMK": {
      "file": "chunk-X5QX6MMK.js"
    },
    "chunk-4J25ECOH": {
      "file": "chunk-4J25ECOH.js"
    },
    "chunk-J4B6MK7R": {
      "file": "chunk-J4B6MK7R.js"
    }
  }
}